<?xml version="1.0" encoding="utf-8"?>
<templates xml:space="preserve">
    <t t-name="report_pdf_options.ButtonOptions" owl="1">
        <!-- <Dialog size="'md'" title="env._t('What do you want to do?')"> -->
        <Dialog size="'md'" title="'What do you want to do?'">
            <div style="text-align:center;">
                <div class="btn-group" role="group">
                    <button class="btn btn-info" t-on-click="()=>props.onSelectOption('print')">
                        <i class="fa fa-print mr-2"/>
                        <span>Print</span>
                    </button>
                    <button class="btn btn-info" t-on-click="()=>props.onSelectOption('download')">
                        <i class="fa fa-download mr-2"/>
                        <span>Download</span>
                    </button>
                    <button class="btn btn-info" t-on-click="()=>props.onSelectOption('open')">
                        <i class="fa fa-file-text mr-2"/>
                        <span>Open</span>
                    </button>
                </div>
            </div>
            <t t-set-slot="footer">
                <button class="btn" t-on-click="()=>props.onSelectOption('close')">Cancel</button>
            </t>
        </Dialog>
    </t>
</templates>